decades,1940s,,,,,
decades,1950s,,,,,
decades,1960s,Beatles era,,,,
decades,1970s,Disco era,,,,
decades,1980s,,,,,
decades,1990s,,,,,
decades,2000s,,,,,
decades,Silent era,,,,,
decades,2010s,New Movies,new,,,
Genre,Adult,,,,,
Genre,Adventure,,,,,
Genre,Animation,,,,,
Genre,Biography,,,,,
Genre,Children,,,,,
Genre,Comedy,,,,,
Genre,Crime,,,,,
Genre,Documentary,,,,,
Genre,Drama,,,,,
Genre,Family,,,,,
Genre,Fantasy,,,,,
Genre,FilmNoir,,,,,
Genre,GameShow,,,,,
Genre,History,,,,,
Genre,Horror,,,,,
Genre,Music,,,,,
Genre,Musical,,,,,
Genre,Mystery,,,,,
Genre,News,,,,,
Genre,RealityTV,,,,,
Genre,Romance,,,,,
Genre,SciFi,,,,,
Genre,Short,,,,,
Genre,Sport,,,,,
Genre,TalkShow,,,,,
Genre,Thriller,,,,,
Genre,War,,,,,
Genre,Western,,,,,
Genre,Action,,,,,